<?xml version="1.0" encoding="UTF-8"?>
<project-private xmlns="http://www.netbeans.org/ns/project-private/1">
    <editor-bookmarks xmlns="http://www.netbeans.org/ns/editor-bookmarks/2" lastBookmarkId="0"/>
    <open-files xmlns="http://www.netbeans.org/ns/projectui-open-files/2">
        <group>
            <file>file:/E:/Goi%20mailako%20zikloa/ITURBO/ITurboDesktopApp/src/gui/View.java</file>
            <file>file:/E:/Goi%20mailako%20zikloa/ITURBO/ITurboDesktopApp/src/gui/Main.java</file>
            <file>file:/E:/Goi%20mailako%20zikloa/ITURBO/ITurboDesktopApp/src/gui/Model.java</file>
            <file>file:/E:/Goi%20mailako%20zikloa/ITURBO/ITurboDesktopApp/src/gui/LoginFrame.java</file>
        </group>
    </open-files>
</project-private>
